params.dataset,task,params.max_pattern_size_eval,params.n_clusters,params.clustering_type,params.process_stage_width_percentage,metrics.last_tscs_mae,metrics.cumsum_tsle_mae,metrics.next_tsle_mae,metrics.nap_accuracy,metrics.sfx_similarity,metrics.nap_accuracy_std,metrics.sfx_similarity_std,metrics.last_tscs_mae_std,metrics.cumsum_tsle_mae_std,metrics.next_tsle_mae_std,encoding_cols_OneHotEncoder,encoding_cols_StandardScaler,encoding_cols_MinMaxScaler,encoding_cols_RobustScaler
BPI2012_C,metrics.nap_accuracy,3.0,10.0,KMeans,0.0,14.31,,,0.7843,0.3183,0.0033,0.0095,2.186,,,['org:resource'],"['tscs', 'case:AMOUNT_REQ']",[],[]
BPI2012_W,metrics.nap_accuracy,3.0,1.0,KMeans,1.0,13.53,88.37,1.05,0.8324,0.0976,0.0026,0.0053,0.4863,7.5939,0.0112,[],"['tsle', 'tsmn', 'tscs']",[],[]
BPI2012_WC,metrics.nap_accuracy,3.0,1.0,GaussianMixture,1.0,16.51,104.61,3.07,0.6634,0.0569,0.0039,0.0042,0.5611,8.9003,0.0208,[],"['tsle', 'tsmn', 'tscs']",[],[]
BPI2013_Closed,metrics.nap_accuracy,3.0,10.0,KMeans,0.5,184.43,,,0.6947,0.6983,0.0136,0.0142,21.6948,,,"['org:role', 'org:group', 'impact']",['tscs'],[],[]
BPI2013_Incidents,metrics.nap_accuracy,3.0,1.0,GaussianMixture,0.025,,72.89,7.0,0.7037,0.3684,0.0029,0.005,,5.665,0.1632,"['org:role', 'impact']",['tsle'],[],[]
EnvPermit,metrics.nap_accuracy,21.0,1.0,GaussianMixture,0.025,,10.71,5.39,0.876,0.839,0.0053,0.0079,,0.4738,0.2358,['org:resource'],['tsle'],[],[]
Helpdesk,metrics.nap_accuracy,3.0,1.0,GaussianMixture,0.2,28.65,,,0.8611,0.9113,0.004,0.0041,0.5243,,,['Resource'],['tscs'],[],[]
Nasa,metrics.nap_accuracy,21.0,1.0,KMeans,1.0,0.0,0.0,0.0,0.8863,0.4933,0.0019,0.0118,0.0,0.0,0.0,[],"['tsle', 'tsmn', 'tscs']",[],[]
Sepsis,metrics.nap_accuracy,3.0,10.0,GaussianMixture,0.0,42.38,,,0.5989,0.431,0.0195,0.1147,10.33,,,['org:group'],['tscs'],[],[]
BPI2012_C,metrics.sfx_similarity,15.0,1.0,KMeans,0.0,13.12,,,0.6937,0.4865,0.0058,0.0027,0.3801,,,['org:resource'],"['tscs', 'case:AMOUNT_REQ']",[],[]
BPI2012_W,metrics.sfx_similarity,21.0,1.0,KMeans,1.0,13.62,20.51,1.05,0.7195,0.3506,0.0051,0.0139,0.4973,5.8745,0.0112,[],"['tsle', 'tsmn', 'tscs']",[],[]
BPI2012_WC,metrics.sfx_similarity,3.0,50.0,GaussianMixture,0.0,,,2.74,0.6202,0.393,,,,,,['org:resource'],"['tsle', 'case:AMOUNT_REQ']",[],[]
BPI2013_Closed,metrics.sfx_similarity,3.0,1.0,GaussianMixture,1.0,252.64,199.33,114.94,0.6871,0.7353,0.0119,0.0107,12.0333,7.5571,1.2627,[],"['tsle', 'tsmn', 'tscs']",[],[]
BPI2013_Incidents,metrics.sfx_similarity,3.0,10.0,GaussianMixture,0.0,23.0,,,0.6967,0.6113,0.0051,0.0071,2.134,,,"['org:role', 'impact']",['tscs'],[],[]
EnvPermit,metrics.sfx_similarity,21.0,1.0,GaussianMixture,0.025,,10.71,5.39,0.876,0.839,0.0053,0.0079,,0.4738,0.2358,['org:resource'],['tsle'],[],[]
Helpdesk,metrics.sfx_similarity,3.0,1.0,GaussianMixture,0.1,28.78,,,0.8607,0.9114,0.0043,0.0044,0.634,,,['Resource'],['tscs'],[],[]
Nasa,metrics.sfx_similarity,21.0,1.0,KMeans,1.0,0.0,0.0,0.0,0.8863,0.4933,0.0019,0.0118,0.0,0.0,0.0,[],"['tsle', 'tsmn', 'tscs']",[],[]
Sepsis,metrics.sfx_similarity,3.0,50.0,GaussianMixture,0.0,,34.97,2.79,0.5968,0.4789,0.019,0.0234,,1.1845,0.6733,['org:group'],['tsle'],[],[]
BPI2012_C,metrics.last_tscs_mae,15.0,10.0,KMeans,0.0,9.44,,,0.7149,0.4845,0.0052,0.0014,0.225,,,['org:resource'],"['tscs', 'case:AMOUNT_REQ']",[],[]
BPI2012_W,metrics.last_tscs_mae,21.0,50.0,KMeans,1.0,10.85,18.29,1.49,0.653,0.2141,0.0052,0.0301,0.2028,7.9051,0.5017,[],"['tsle', 'tsmn', 'tscs']",[],[]
BPI2012_WC,metrics.last_tscs_mae,21.0,10.0,KMeans,0.0,10.97,,,0.4519,0.3673,0.0119,0.0025,0.3203,,,['org:resource'],"['tscs', 'case:AMOUNT_REQ']",[],[]
BPI2013_Closed,metrics.last_tscs_mae,11.0,50.0,KMeans,0.025,154.99,,,0.6438,0.6775,0.013,0.0166,9.8115,,,"['org:role', 'org:group', 'impact']",['tscs'],[],[]
BPI2013_Incidents,metrics.last_tscs_mae,3.0,100.0,KMeans,1.0,13.31,,,0.6201,0.468,0.0076,0.0114,0.7251,,,"['org:role', 'impact']",['tscs'],[],[]
EnvPermit,metrics.last_tscs_mae,3.0,100.0,KMeans,1.0,4.34,,,0.7812,0.7243,0.0081,0.0147,0.829,,,['org:resource'],['tscs'],[],[]
Helpdesk,metrics.last_tscs_mae,21.0,10.0,KMeans,1.0,7.59,9.47,5.24,0.8205,0.8627,0.0068,0.0077,0.3787,0.6914,0.3218,['Resource'],"['tsle', 'tsmn', 'tscs']",[],[]
Nasa,metrics.last_tscs_mae,3.0,1.0,KMeans,1.0,0.0,0.0,0.0,0.864,0.471,0.0026,0.0033,0.0,0.0,0.0,[],"['tsle', 'tsmn', 'tscs']",[],[]
Sepsis,metrics.last_tscs_mae,21.0,100.0,KMeans,1.0,31.61,35.22,13.96,0.4113,0.2318,0.0164,0.0181,1.7126,2.2455,14.9645,[],"['tsle', 'tsmn', 'tscs']",[],[]
BPI2012_C,metrics.cumsum_tsle_mae,11.0,1.0,KMeans,0.0,,8.73,1.08,0.6515,0.4803,0.0039,0.0025,,0.2365,0.007,['org:resource'],"['tsle', 'case:AMOUNT_REQ']",[],[]
BPI2012_W,metrics.cumsum_tsle_mae,21.0,100.0,KMeans,1.0,11.4,12.3,0.79,0.574,0.1481,0.0047,0.019,0.154,1.1694,0.2154,[],"['tsle', 'tsmn', 'tscs']",[],[]
BPI2012_WC,metrics.cumsum_tsle_mae,3.0,100.0,KMeans,0.0,,10.8,1.88,0.5772,0.3659,0.0075,0.0047,,0.3003,0.3687,['org:resource'],"['tsle', 'case:AMOUNT_REQ']",[],[]
BPI2013_Closed,metrics.cumsum_tsle_mae,15.0,10.0,KMeans,0.025,,142.84,45.42,0.6643,0.7052,0.0151,0.0195,,10.8437,1.7174,"['org:role', 'org:group', 'impact']",['tsle'],[],[]
BPI2013_Incidents,metrics.cumsum_tsle_mae,21.0,1.0,KMeans,0.2,,14.17,2.25,0.6349,0.565,0.006,0.0094,,1.291,0.0469,"['org:role', 'impact']",['tsle'],[],[]
EnvPermit,metrics.cumsum_tsle_mae,3.0,50.0,KMeans,1.0,,4.36,2.58,0.7839,0.7327,0.0075,0.0108,,0.9279,1.8518,['org:resource'],['tsle'],[],[]
Helpdesk,metrics.cumsum_tsle_mae,9.0,10.0,KMeans,0.025,,8.53,5.12,0.8414,0.8675,0.0037,0.0077,,0.5576,0.14,['Resource'],['tsle'],[],[]
Nasa,metrics.cumsum_tsle_mae,3.0,1.0,KMeans,1.0,0.0,0.0,0.0,0.864,0.471,0.0026,0.0033,0.0,0.0,0.0,[],"['tsle', 'tsmn', 'tscs']",[],[]
Sepsis,metrics.cumsum_tsle_mae,5.0,1.0,KMeans,0.025,,32.55,3.26,0.2786,0.3209,0.0287,0.0066,,1.9467,0.1535,['org:group'],['tsle'],[],[]
BPI2012_C,metrics.next_tsle_mae,3.0,10.0,KMeans,0.0,,16.59,0.71,0.7818,0.3223,0.003,0.007,,1.8158,0.0089,['org:resource'],"['tsle', 'case:AMOUNT_REQ']",[],[]
BPI2012_W,metrics.next_tsle_mae,3.0,10.0,GaussianMixture,1.0,14.03,90.1,0.71,0.8129,0.1654,0.0033,0.0067,0.3891,30.3726,0.0307,[],"['tsle', 'tsmn', 'tscs']",[],[]
BPI2012_WC,metrics.next_tsle_mae,3.0,10.0,KMeans,0.0,,12.27,1.53,0.6487,0.284,0.0007,0.0071,,0.581,0.0201,['org:resource'],"['tsle', 'case:AMOUNT_REQ']",[],[]
BPI2013_Closed,metrics.next_tsle_mae,3.0,50.0,KMeans,1.0,,147.82,40.4,0.653,0.6614,0.0121,0.0124,,6.3168,2.1154,"['org:role', 'org:group', 'impact']",['tsle'],[],[]
BPI2013_Incidents,metrics.next_tsle_mae,3.0,50.0,GaussianMixture,1.0,14.97,15.08,1.35,0.6049,0.252,0.0074,0.0041,0.863,1.4538,0.0847,[],"['tsle', 'tsmn', 'tscs']",[],[]
EnvPermit,metrics.next_tsle_mae,3.0,100.0,KMeans,1.0,4.76,4.63,0.99,0.7427,0.6861,0.0032,0.0098,0.6576,0.8452,0.2,['org:resource'],"['tsle', 'tsmn', 'tscs']",[],[]
Helpdesk,metrics.next_tsle_mae,3.0,10.0,KMeans,0.1,,8.57,4.89,0.8555,0.902,0.0037,0.0047,,0.6289,0.1407,['Resource'],['tsle'],[],[]
Nasa,metrics.next_tsle_mae,3.0,1.0,KMeans,1.0,0.0,0.0,0.0,0.864,0.471,0.0026,0.0033,0.0,0.0,0.0,[],"['tsle', 'tsmn', 'tscs']",[],[]
Sepsis,metrics.next_tsle_mae,3.0,10.0,KMeans,0.025,,46.88,2.07,0.5902,0.156,0.0211,0.0332,,10.0839,0.1414,['org:group'],['tsle'],[],[]
